[
{
  "model": "core.user",
  "pk": 1,
  "fields": {
    "password": "pbkdf2_sha256$870000$KluqxbIynjDygJAqIkHvz1$8lV97XHtLSktCNRMkAm2EHPFGb8gc8Q9+b102e7XkoQ=",
    "last_login": "2025-02-22T10:52:53.668Z",
    "is_superuser": true,
    "username": "root",
    "first_name": "",
    "last_name": "",
    "email": "",
    "is_staff": true,
    "is_active": true,
    "date_joined": "2025-02-01T03:20:04Z",
    "phone": null,
    "groups": [
      4
    ],
    "user_permissions": []
  }
},
{
  "model": "core.user",
  "pk": 2,
  "fields": {
    "password": "pbkdf2_sha256$870000$joveHUPAANfFVjkN4LCYhD$Uu7SBSTUQUMPt2SjN3YpcZS87XDfGsu9IOg1MEB6kkE=",
    "last_login": "2025-02-04T02:43:42Z",
    "is_superuser": false,
    "username": "Artur",
    "first_name": "",
    "last_name": "",
    "email": "qwerty.gogi@mail.ru",
    "is_staff": false,
    "is_active": true,
    "date_joined": "2025-02-03T11:59:00Z",
    "phone": null,
    "groups": [
      5
    ],
    "user_permissions": []
  }
},
{
  "model": "core.role",
  "pk": 1,
  "fields": {
    "name": "Businessmen",
    "users": [
      2,
      1
    ]
  }
},
{
  "model": "core.businesstype",
  "pk": 1,
  "fields": {
    "name": "Маркетплейс",
    "description": "Маркетплейс - торговая площадка со всем - всеми товарами",
    "url": "marketplace:main"
  }
},
{
  "model": "core.businesstype",
  "pk": 2,
  "fields": {
    "name": "ТРЦ",
    "description": "Исследуйте торговые центры своего города! Смотрите ассортимент товаров, и не упустите самые большие скидки!",
    "url": "mall:main"
  }
},
{
  "model": "core.businesstype",
  "pk": 3,
  "fields": {
    "name": "Рестораны",
    "description": "Хотите кушать? Тогда нажимай сюда, тут увидишь все рестораны своего города, сможешь заказать доставку и забронировать столик =)",
    "url": "restaurants:main"
  }
},
{
  "model": "core.business",
  "pk": 1,
  "fields": {
    "owner": 1,
    "business_type": 1,
    "name": "Империя",
    "description": "Магазин империя - один из лучших магазинов вехрней одежды нашего города!",
    "address": "Гагарина",
    "phone": "87073945075",
    "business_logo": "",
    "html_template": "",
    "product_card_template": "",
    "product_detail_template": "",
    "background_image": "business/back_imperia.jpg",
    "created_at": "2025-02-03T00:59:41.179Z",
    "updated_at": "2025-02-21T14:36:15.896Z",
    "slug": "imperia"
  }
},
{
  "model": "core.business",
  "pk": 2,
  "fields": {
    "owner": 2,
    "business_type": 1,
    "name": "Hot_Shmot",
    "description": "Hot_Shmot - magaz super hype odezhdii",
    "address": "Malika gabdullina",
    "phone": "87077077707",
    "business_logo": "",
    "html_template": "",
    "product_card_template": "",
    "product_detail_template": "",
    "background_image": "business/лого_бэк.webp",
    "created_at": "2025-02-03T06:03:44.504Z",
    "updated_at": "2025-02-21T13:21:10.569Z",
    "slug": "hot_shmot"
  }
},
{
  "model": "core.business",
  "pk": 3,
  "fields": {
    "owner": 1,
    "business_type": 1,
    "name": "Атто",
    "description": "Атто аоокщоащкоащкоа",
    "address": "Габдулина 127А",
    "phone": "9999999991",
    "business_logo": "business_logo/мебель_твердая.jpg",
    "html_template": "atto/own_site_files/test.html",
    "product_card_template": "",
    "product_detail_template": "business/test_wazMfOH.html",
    "background_image": "business/мебель_твердая.jpg",
    "created_at": "2025-02-22T10:06:27.869Z",
    "updated_at": "2025-02-22T10:58:39.235Z",
    "slug": "atto"
  }
},
{
  "model": "marketplace.category",
  "pk": 25,
  "fields": {
    "name": "Одежда и обувь",
    "parent": null,
    "description": "",
    "page_identificator": null,
    "big_image": "category_images/big_images/одежда.png",
    "small_image": "",
    "ordering": 0,
    "created_at": "2025-02-03T04:13:09.781Z",
    "updated_at": "2025-02-21T13:25:33.794Z",
    "lft": 1,
    "rght": 42,
    "tree_id": 5,
    "level": 0
  }
},
{
  "model": "marketplace.category",
  "pk": 26,
  "fields": {
    "name": "Женская",
    "parent": 25,
    "description": "",
    "page_identificator": null,
    "big_image": "category_images/big_images/женская.png",
    "small_image": "",
    "ordering": 0,
    "created_at": "2025-02-03T04:13:19.995Z",
    "updated_at": "2025-02-03T05:07:36.533Z",
    "lft": 2,
    "rght": 23,
    "tree_id": 5,
    "level": 1
  }
},
{
  "model": "marketplace.category",
  "pk": 28,
  "fields": {
    "name": "Мужская",
    "parent": 25,
    "description": "",
    "page_identificator": null,
    "big_image": "category_images/big_images/мужская.png",
    "small_image": "",
    "ordering": 0,
    "created_at": "2025-02-03T04:13:53.900Z",
    "updated_at": "2025-02-03T05:07:50.798Z",
    "lft": 24,
    "rght": 41,
    "tree_id": 5,
    "level": 1
  }
},
{
  "model": "marketplace.category",
  "pk": 29,
  "fields": {
    "name": "Обувь",
    "parent": 28,
    "description": "",
    "page_identificator": null,
    "big_image": "",
    "small_image": "category_images/small_images/фон_для_мелких_zpKbEqd.jpg",
    "ordering": 0,
    "created_at": "2025-02-03T04:14:08.451Z",
    "updated_at": "2025-02-03T10:58:28.181Z",
    "lft": 37,
    "rght": 40,
    "tree_id": 5,
    "level": 2
  }
},
{
  "model": "marketplace.category",
  "pk": 30,
  "fields": {
    "name": "Обувь",
    "parent": 26,
    "description": "",
    "page_identificator": null,
    "big_image": "",
    "small_image": "category_images/small_images/фон_для_мелких_vhkxvhp.jpg",
    "ordering": 0,
    "created_at": "2025-02-03T04:14:25.233Z",
    "updated_at": "2025-02-03T05:34:06.161Z",
    "lft": 17,
    "rght": 22,
    "tree_id": 5,
    "level": 2
  }
},
{
  "model": "marketplace.category",
  "pk": 31,
  "fields": {
    "name": "Кроссовки",
    "parent": 30,
    "description": "",
    "page_identificator": null,
    "big_image": "",
    "small_image": "category_images/small_images/фон_для_мелких_3XciXRl.jpg",
    "ordering": 0,
    "created_at": "2025-02-03T04:14:33.648Z",
    "updated_at": "2025-02-03T05:34:14.456Z",
    "lft": 18,
    "rght": 19,
    "tree_id": 5,
    "level": 3
  }
},
{
  "model": "marketplace.category",
  "pk": 32,
  "fields": {
    "name": "Кроссовки",
    "parent": 29,
    "description": "",
    "page_identificator": null,
    "big_image": "",
    "small_image": "category_images/small_images/1200x600-zinnwaldite-brown-solid-color-background_cHTCRXl.jpg",
    "ordering": 0,
    "created_at": "2025-02-03T04:14:40.797Z",
    "updated_at": "2025-02-03T10:58:36.056Z",
    "lft": 38,
    "rght": 39,
    "tree_id": 5,
    "level": 3
  }
},
{
  "model": "marketplace.category",
  "pk": 33,
  "fields": {
    "name": "Верхняя одежда",
    "parent": 26,
    "description": "",
    "page_identificator": null,
    "big_image": "",
    "small_image": "category_images/small_images/фон_для_мелких.jpg",
    "ordering": 0,
    "created_at": "2025-02-03T04:14:49.211Z",
    "updated_at": "2025-02-03T05:33:41.757Z",
    "lft": 3,
    "rght": 16,
    "tree_id": 5,
    "level": 2
  }
},
{
  "model": "marketplace.category",
  "pk": 34,
  "fields": {
    "name": "Верхняя одежда",
    "parent": 28,
    "description": "",
    "page_identificator": null,
    "big_image": "",
    "small_image": "category_images/small_images/фон_для_мелких_lxCc03x.jpg",
    "ordering": 0,
    "created_at": "2025-02-03T04:14:58.618Z",
    "updated_at": "2025-02-03T10:57:41.815Z",
    "lft": 27,
    "rght": 30,
    "tree_id": 5,
    "level": 2
  }
},
{
  "model": "marketplace.category",
  "pk": 35,
  "fields": {
    "name": "Шубы",
    "parent": 33,
    "description": "",
    "page_identificator": null,
    "big_image": "",
    "small_image": "category_images/small_images/фон_для_мелких_XDvAdLm.jpg",
    "ordering": 0,
    "created_at": "2025-02-03T04:15:11.647Z",
    "updated_at": "2025-02-03T05:33:58.862Z",
    "lft": 14,
    "rght": 15,
    "tree_id": 5,
    "level": 3
  }
},
{
  "model": "marketplace.category",
  "pk": 36,
  "fields": {
    "name": "Куртки на синтепоне",
    "parent": 33,
    "description": "",
    "page_identificator": null,
    "big_image": "",
    "small_image": "category_images/small_images/фон_для_мелких_txWRPz9.jpg",
    "ordering": 0,
    "created_at": "2025-02-03T04:15:19.806Z",
    "updated_at": "2025-02-03T09:03:49.044Z",
    "lft": 8,
    "rght": 9,
    "tree_id": 5,
    "level": 3
  }
},
{
  "model": "marketplace.category",
  "pk": 37,
  "fields": {
    "name": "Куртки",
    "parent": 34,
    "description": "",
    "page_identificator": null,
    "big_image": "",
    "small_image": "category_images/small_images/фон_для_мелких_L1XWrc1.jpg",
    "ordering": 0,
    "created_at": "2025-02-03T04:15:36.837Z",
    "updated_at": "2025-02-03T05:34:32.891Z",
    "lft": 28,
    "rght": 29,
    "tree_id": 5,
    "level": 3
  }
},
{
  "model": "marketplace.category",
  "pk": 38,
  "fields": {
    "name": "Автотовары",
    "parent": null,
    "description": "",
    "page_identificator": null,
    "big_image": "category_images/big_images/автозапчасти.jpg",
    "small_image": "",
    "ordering": 0,
    "created_at": "2025-02-03T04:23:49.615Z",
    "updated_at": "2025-02-03T04:43:40.532Z",
    "lft": 1,
    "rght": 4,
    "tree_id": 1,
    "level": 0
  }
},
{
  "model": "marketplace.category",
  "pk": 39,
  "fields": {
    "name": "Мебель",
    "parent": null,
    "description": "",
    "page_identificator": null,
    "big_image": "category_images/big_images/мебель_GVl0HZu.png",
    "small_image": "",
    "ordering": 0,
    "created_at": "2025-02-03T04:23:58.322Z",
    "updated_at": "2025-02-03T11:16:30.228Z",
    "lft": 1,
    "rght": 8,
    "tree_id": 4,
    "level": 0
  }
},
{
  "model": "marketplace.category",
  "pk": 40,
  "fields": {
    "name": "Для дачи",
    "parent": null,
    "description": "",
    "page_identificator": null,
    "big_image": "category_images/big_images/дача.jpg",
    "small_image": "",
    "ordering": 0,
    "created_at": "2025-02-03T04:24:06.744Z",
    "updated_at": "2025-02-03T04:44:04.780Z",
    "lft": 1,
    "rght": 2,
    "tree_id": 3,
    "level": 0
  }
},
{
  "model": "marketplace.category",
  "pk": 41,
  "fields": {
    "name": "Электроника",
    "parent": null,
    "description": "",
    "page_identificator": null,
    "big_image": "category_images/big_images/ноутбук.jpg",
    "small_image": "",
    "ordering": 0,
    "created_at": "2025-02-03T04:24:15.801Z",
    "updated_at": "2025-02-03T04:44:33.026Z",
    "lft": 1,
    "rght": 2,
    "tree_id": 6,
    "level": 0
  }
},
{
  "model": "marketplace.category",
  "pk": 42,
  "fields": {
    "name": "Дубленки",
    "parent": 33,
    "description": "",
    "page_identificator": null,
    "big_image": "",
    "small_image": "category_images/small_images/фон_для_мелких_QC50Neq.jpg",
    "ordering": 0,
    "created_at": "2025-02-03T09:04:21.297Z",
    "updated_at": "2025-02-03T09:04:21.297Z",
    "lft": 6,
    "rght": 7,
    "tree_id": 5,
    "level": 3
  }
},
{
  "model": "marketplace.category",
  "pk": 43,
  "fields": {
    "name": "Парки",
    "parent": 33,
    "description": "",
    "page_identificator": null,
    "big_image": "",
    "small_image": "category_images/small_images/фон_для_мелких_O34kMIM.jpg",
    "ordering": 0,
    "created_at": "2025-02-03T09:04:42.485Z",
    "updated_at": "2025-02-03T09:04:42.485Z",
    "lft": 10,
    "rght": 11,
    "tree_id": 5,
    "level": 3
  }
},
{
  "model": "marketplace.category",
  "pk": 44,
  "fields": {
    "name": "Утепленные пальто",
    "parent": 33,
    "description": "",
    "page_identificator": null,
    "big_image": "",
    "small_image": "category_images/small_images/фон_для_мелких_VQv6MCW.jpg",
    "ordering": 0,
    "created_at": "2025-02-03T09:05:01.335Z",
    "updated_at": "2025-02-03T09:05:01.335Z",
    "lft": 12,
    "rght": 13,
    "tree_id": 5,
    "level": 3
  }
},
{
  "model": "marketplace.category",
  "pk": 45,
  "fields": {
    "name": "Горнолыжные куртки",
    "parent": 33,
    "description": "",
    "page_identificator": null,
    "big_image": "",
    "small_image": "category_images/small_images/фон_для_мелких_T1uNZxV.jpg",
    "ordering": 0,
    "created_at": "2025-02-03T09:05:18.946Z",
    "updated_at": "2025-02-03T09:05:18.946Z",
    "lft": 4,
    "rght": 5,
    "tree_id": 5,
    "level": 3
  }
},
{
  "model": "marketplace.category",
  "pk": 46,
  "fields": {
    "name": "Брюки",
    "parent": 28,
    "description": "",
    "page_identificator": null,
    "big_image": "",
    "small_image": "category_images/small_images/фон_для_мелких_xCfp0zv.jpg",
    "ordering": 0,
    "created_at": "2025-02-03T09:59:16.823Z",
    "updated_at": "2025-02-03T10:57:35.237Z",
    "lft": 25,
    "rght": 26,
    "tree_id": 5,
    "level": 2
  }
},
{
  "model": "marketplace.category",
  "pk": 47,
  "fields": {
    "name": "Кофты",
    "parent": 28,
    "description": "",
    "page_identificator": null,
    "big_image": "",
    "small_image": "category_images/small_images/фон_для_мелких_APZBj4k.jpg",
    "ordering": 0,
    "created_at": "2025-02-03T09:59:46.897Z",
    "updated_at": "2025-02-03T10:58:22.650Z",
    "lft": 35,
    "rght": 36,
    "tree_id": 5,
    "level": 2
  }
},
{
  "model": "marketplace.category",
  "pk": 48,
  "fields": {
    "name": "Джинсы",
    "parent": 28,
    "description": "",
    "page_identificator": null,
    "big_image": "",
    "small_image": "category_images/small_images/фон_для_мелких_RfNMtZu.jpg",
    "ordering": 0,
    "created_at": "2025-02-03T10:00:04.836Z",
    "updated_at": "2025-02-03T10:57:49.593Z",
    "lft": 31,
    "rght": 32,
    "tree_id": 5,
    "level": 2
  }
},
{
  "model": "marketplace.category",
  "pk": 49,
  "fields": {
    "name": "Домашняя одежда",
    "parent": 28,
    "description": "",
    "page_identificator": null,
    "big_image": "",
    "small_image": "category_images/small_images/фон_для_мелких_4gCnCGW.jpg",
    "ordering": 0,
    "created_at": "2025-02-03T10:00:27.758Z",
    "updated_at": "2025-02-03T10:58:17.763Z",
    "lft": 33,
    "rght": 34,
    "tree_id": 5,
    "level": 2
  }
},
{
  "model": "marketplace.category",
  "pk": 50,
  "fields": {
    "name": "Аксессуары",
    "parent": null,
    "description": "",
    "page_identificator": null,
    "big_image": "category_images/big_images/аксессуары.jpg",
    "small_image": "",
    "ordering": 0,
    "created_at": "2025-02-03T11:13:16.709Z",
    "updated_at": "2025-02-03T11:13:16.709Z",
    "lft": 1,
    "rght": 2,
    "tree_id": 2,
    "level": 0
  }
},
{
  "model": "marketplace.category",
  "pk": 51,
  "fields": {
    "name": "Кухонная мебель",
    "parent": 39,
    "description": "",
    "page_identificator": null,
    "big_image": "category_images/big_images/кух_мебель.jpg",
    "small_image": "category_images/small_images/фон_для_мелких_5ECKDjF.jpg",
    "ordering": 3,
    "created_at": "2025-02-03T11:19:07.976Z",
    "updated_at": "2025-02-03T11:29:34.242Z",
    "lft": 2,
    "rght": 3,
    "tree_id": 4,
    "level": 1
  }
},
{
  "model": "marketplace.category",
  "pk": 52,
  "fields": {
    "name": "Мягкая мебель",
    "parent": 39,
    "description": "",
    "page_identificator": null,
    "big_image": "category_images/big_images/Мягк_мебель.webp",
    "small_image": "",
    "ordering": 2,
    "created_at": "2025-02-03T11:23:30.442Z",
    "updated_at": "2025-02-03T11:29:31.358Z",
    "lft": 4,
    "rght": 5,
    "tree_id": 4,
    "level": 1
  }
},
{
  "model": "marketplace.category",
  "pk": 53,
  "fields": {
    "name": "Твердая мебель",
    "parent": 39,
    "description": "",
    "page_identificator": null,
    "big_image": "category_images/big_images/мебель_твердая.jpg",
    "small_image": "",
    "ordering": 1,
    "created_at": "2025-02-03T11:28:01.879Z",
    "updated_at": "2025-02-03T11:29:27.922Z",
    "lft": 6,
    "rght": 7,
    "tree_id": 4,
    "level": 1
  }
},
{
  "model": "marketplace.category",
  "pk": 54,
  "fields": {
    "name": "Тест",
    "parent": 38,
    "description": "",
    "page_identificator": null,
    "big_image": "",
    "small_image": "category_images/small_images/1200x600-zinnwaldite-brown-solid-color-background_n89pSNJ.jpg",
    "ordering": 0,
    "created_at": "2025-02-06T04:04:57.173Z",
    "updated_at": "2025-02-06T04:04:57.173Z",
    "lft": 2,
    "rght": 3,
    "tree_id": 1,
    "level": 1
  }
},
{
  "model": "marketplace.category",
  "pk": 55,
  "fields": {
    "name": "Туфли",
    "parent": 30,
    "description": "",
    "page_identificator": null,
    "big_image": "",
    "small_image": "category_images/small_images/фон_для_мелких_CyCbuww.jpg",
    "ordering": 0,
    "created_at": "2025-02-21T13:27:05.855Z",
    "updated_at": "2025-02-21T13:27:05.855Z",
    "lft": 20,
    "rght": 21,
    "tree_id": 5,
    "level": 3
  }
},
{
  "model": "marketplace.product",
  "pk": 2,
  "fields": {
    "business": 1,
    "category": 35,
    "name": "Шуба Зеленая",
    "description": "Легендарная модель из мягкого и блестящего меха норки, подчеркивает элегантность и статус.",
    "price": "2000000.00",
    "discount": "1780000.00",
    "stock_quantity": 19,
    "on_the_main": true,
    "created_at": "2025-02-03T01:54:00.811Z",
    "updated_at": "2025-02-06T03:49:02.970Z"
  }
},
{
  "model": "marketplace.product",
  "pk": 3,
  "fields": {
    "business": 1,
    "category": 35,
    "name": "Шуба какая то",
    "description": "Роскошная и редкая шуба премиального класса с невероятно густым и шелковистым мехом.",
    "price": "200000.00",
    "discount": "0.00",
    "stock_quantity": 47,
    "on_the_main": true,
    "created_at": "2025-02-03T01:54:35.855Z",
    "updated_at": "2025-02-06T03:48:55.906Z"
  }
},
{
  "model": "marketplace.product",
  "pk": 4,
  "fields": {
    "business": 1,
    "category": 36,
    "name": "Куртка какая то",
    "description": "Практичная и теплая модель из стриженой овчины, устойчива к влаге и износу.",
    "price": "200000.00",
    "discount": "0.00",
    "stock_quantity": 52,
    "on_the_main": true,
    "created_at": "2025-02-03T02:28:19.320Z",
    "updated_at": "2025-02-06T03:48:46.946Z"
  }
},
{
  "model": "marketplace.product",
  "pk": 5,
  "fields": {
    "business": 1,
    "category": 36,
    "name": "Куртка еще какая то",
    "description": "Эффектная модель с длинным пушистым мехом, придающим объем и шикарный вид.",
    "price": "45000.00",
    "discount": "0.00",
    "stock_quantity": 45,
    "on_the_main": true,
    "created_at": "2025-02-03T02:28:42.316Z",
    "updated_at": "2025-02-06T03:48:41.985Z"
  }
},
{
  "model": "marketplace.product",
  "pk": 6,
  "fields": {
    "business": 1,
    "category": 35,
    "name": "Шубка",
    "description": "Изящная и утонченная шуба с уникальным завитковым мехом, отлично подходит для делового образа.",
    "price": "1230000.00",
    "discount": "0.00",
    "stock_quantity": 8,
    "on_the_main": true,
    "created_at": "2025-02-03T02:29:09.940Z",
    "updated_at": "2025-02-06T03:48:37.393Z"
  }
},
{
  "model": "marketplace.product",
  "pk": 7,
  "fields": {
    "business": 1,
    "category": 35,
    "name": "Шубка еще",
    "description": "Яркая и теплая модель с роскошным мехом лисы, добавляет выразительности образу.",
    "price": "4567890.00",
    "discount": "0.00",
    "stock_quantity": 6,
    "on_the_main": true,
    "created_at": "2025-02-03T02:29:31.103Z",
    "updated_at": "2025-02-06T03:48:32.694Z"
  }
},
{
  "model": "marketplace.product",
  "pk": 8,
  "fields": {
    "business": 1,
    "category": 35,
    "name": "Шуба синия",
    "description": "Эксклюзивная шуба с невероятно мягким мехом шиншиллы, ценится за легкость и воздушность.",
    "price": "6000000.00",
    "discount": "0.00",
    "stock_quantity": 4,
    "on_the_main": true,
    "created_at": "2025-02-03T02:29:51.153Z",
    "updated_at": "2025-02-06T03:48:28.363Z"
  }
},
{
  "model": "marketplace.product",
  "pk": 9,
  "fields": {
    "business": 1,
    "category": 35,
    "name": "Шуба зеленая",
    "description": "Многофункциональная модель с отстегивающимися рукавами или капюшоном, адаптируется к погоде.",
    "price": "45664875.00",
    "discount": "0.00",
    "stock_quantity": 56557,
    "on_the_main": true,
    "created_at": "2025-02-03T02:31:54.886Z",
    "updated_at": "2025-02-06T03:48:24.766Z"
  }
},
{
  "model": "marketplace.product",
  "pk": 10,
  "fields": {
    "business": 1,
    "category": 35,
    "name": "Шубааа",
    "description": "Легкая и удобная модель, идеальна для повседневной носки и активного образа жизни.",
    "price": "34534.00",
    "discount": "0.00",
    "stock_quantity": 4,
    "on_the_main": true,
    "created_at": "2025-02-03T02:32:04.900Z",
    "updated_at": "2025-02-06T03:48:19.952Z"
  }
},
{
  "model": "marketplace.product",
  "pk": 11,
  "fields": {
    "business": 1,
    "category": 35,
    "name": "Шубаа",
    "description": "Укороченная шуба с комфортным кроем, не сковывает движения и отлично подходит для водителей.",
    "price": "3455345.00",
    "discount": "0.00",
    "stock_quantity": 3,
    "on_the_main": true,
    "created_at": "2025-02-03T02:32:16.550Z",
    "updated_at": "2025-02-06T03:48:12.894Z"
  }
},
{
  "model": "marketplace.product",
  "pk": 12,
  "fields": {
    "business": 1,
    "category": 35,
    "name": "Шуба из норки",
    "description": "Легкая, но теплая модель с особенной текстурой меха, стильный выбор на холодную погоду.",
    "price": "565666.00",
    "discount": "0.00",
    "stock_quantity": 90,
    "on_the_main": true,
    "created_at": "2025-02-03T02:32:35.993Z",
    "updated_at": "2025-02-06T03:48:07.686Z"
  }
},
{
  "model": "marketplace.product",
  "pk": 13,
  "fields": {
    "business": 1,
    "category": 36,
    "name": "Куртка Черная",
    "description": "Статусная модель с густым, блестящим мехом, придающая роскоши и элегантности.",
    "price": "70000.00",
    "discount": "0.00",
    "stock_quantity": 127,
    "on_the_main": true,
    "created_at": "2025-02-03T02:33:16.962Z",
    "updated_at": "2025-02-06T03:48:04.063Z"
  }
},
{
  "model": "marketplace.product",
  "pk": 14,
  "fields": {
    "business": 1,
    "category": 36,
    "name": "Куртка черная",
    "description": "Нежный и утонченный вариант для особых случаев, подчеркнет женственность и изысканность.",
    "price": "60000.00",
    "discount": "55000.00",
    "stock_quantity": 98,
    "on_the_main": true,
    "created_at": "2025-02-03T02:33:42.415Z",
    "updated_at": "2025-02-06T03:47:57.678Z"
  }
},
{
  "model": "marketplace.product",
  "pk": 15,
  "fields": {
    "business": 2,
    "category": 32,
    "name": "Дикие Кроссы",
    "description": "",
    "price": "23000.00",
    "discount": "0.00",
    "stock_quantity": 100,
    "on_the_main": false,
    "created_at": "2025-02-03T06:05:58.031Z",
    "updated_at": "2025-02-03T06:05:58.031Z"
  }
},
{
  "model": "marketplace.product",
  "pk": 16,
  "fields": {
    "business": 1,
    "category": 45,
    "name": "Шуба тест",
    "description": "Описание аааааааааа",
    "price": "34343.00",
    "discount": null,
    "stock_quantity": 12,
    "on_the_main": true,
    "created_at": "2025-02-06T02:10:25.640Z",
    "updated_at": "2025-02-06T03:17:52.523Z"
  }
},
{
  "model": "marketplace.product",
  "pk": 19,
  "fields": {
    "business": 1,
    "category": 38,
    "name": "Тонировка",
    "description": "Описание",
    "price": "4000.00",
    "discount": null,
    "stock_quantity": 89,
    "on_the_main": true,
    "created_at": "2025-02-06T03:51:33.335Z",
    "updated_at": "2025-02-06T03:51:33.335Z"
  }
},
{
  "model": "marketplace.product",
  "pk": 20,
  "fields": {
    "business": 1,
    "category": 35,
    "name": "Петр",
    "description": "iuo",
    "price": "78.00",
    "discount": null,
    "stock_quantity": 78,
    "on_the_main": true,
    "created_at": "2025-02-06T07:34:39.965Z",
    "updated_at": "2025-02-06T07:34:39.965Z"
  }
},
{
  "model": "marketplace.product",
  "pk": 22,
  "fields": {
    "business": 1,
    "category": 35,
    "name": "rty",
    "description": "rty",
    "price": "5656.00",
    "discount": null,
    "stock_quantity": 67676,
    "on_the_main": true,
    "created_at": "2025-02-06T07:38:40.066Z",
    "updated_at": "2025-02-06T07:39:32.719Z"
  }
},
{
  "model": "marketplace.product",
  "pk": 23,
  "fields": {
    "business": 2,
    "category": 32,
    "name": "Adidas",
    "description": "Adidas",
    "price": "30000.00",
    "discount": null,
    "stock_quantity": 47,
    "on_the_main": true,
    "created_at": "2025-02-06T07:58:38.113Z",
    "updated_at": "2025-02-06T07:58:38.113Z"
  }
},
{
  "model": "marketplace.product",
  "pk": 24,
  "fields": {
    "business": 3,
    "category": 51,
    "name": "Шкаф",
    "description": "30х30х80",
    "price": "100000.00",
    "discount": null,
    "stock_quantity": 90,
    "on_the_main": true,
    "created_at": "2025-02-22T10:19:13.213Z",
    "updated_at": "2025-02-22T10:19:13.213Z"
  }
},
{
  "model": "marketplace.attribute",
  "pk": 1,
  "fields": {
    "name": "Цвет"
  }
},
{
  "model": "marketplace.attribute",
  "pk": 2,
  "fields": {
    "name": "Материал"
  }
},
{
  "model": "marketplace.attribute",
  "pk": 3,
  "fields": {
    "name": "Состав"
  }
},
{
  "model": "marketplace.attribute",
  "pk": 4,
  "fields": {
    "name": "Размеры"
  }
},
{
  "model": "marketplace.productattribute",
  "pk": 1,
  "fields": {
    "product": 14,
    "attribute": 2,
    "value": "Синтипон"
  }
},
{
  "model": "marketplace.productattribute",
  "pk": 2,
  "fields": {
    "product": 14,
    "attribute": 3,
    "value": "100% натуральная кожа"
  }
},
{
  "model": "marketplace.productattribute",
  "pk": 3,
  "fields": {
    "product": 14,
    "attribute": 1,
    "value": "Черный"
  }
},
{
  "model": "marketplace.productattribute",
  "pk": 4,
  "fields": {
    "product": 15,
    "attribute": 1,
    "value": "Белый"
  }
},
{
  "model": "marketplace.productimage",
  "pk": 3,
  "fields": {
    "product": 2,
    "image": "product_images/империя_1.jpg",
    "created_at": "2025-02-03T01:55:03.155Z"
  }
},
{
  "model": "marketplace.productimage",
  "pk": 4,
  "fields": {
    "product": 3,
    "image": "product_images/империя_2.jpg",
    "created_at": "2025-02-03T01:55:11.055Z"
  }
},
{
  "model": "marketplace.productimage",
  "pk": 5,
  "fields": {
    "product": 4,
    "image": "product_images/империя_7.jpg",
    "created_at": "2025-02-03T02:34:41.904Z"
  }
},
{
  "model": "marketplace.productimage",
  "pk": 6,
  "fields": {
    "product": 5,
    "image": "product_images/империя_8.jpg",
    "created_at": "2025-02-03T02:34:50.518Z"
  }
},
{
  "model": "marketplace.productimage",
  "pk": 7,
  "fields": {
    "product": 6,
    "image": "product_images/империя_3.jpg",
    "created_at": "2025-02-03T02:34:58.113Z"
  }
},
{
  "model": "marketplace.productimage",
  "pk": 8,
  "fields": {
    "product": 7,
    "image": "product_images/империя_4.jpg",
    "created_at": "2025-02-03T02:35:05.445Z"
  }
},
{
  "model": "marketplace.productimage",
  "pk": 9,
  "fields": {
    "product": 8,
    "image": "product_images/империя_5.jpg",
    "created_at": "2025-02-03T02:35:13.856Z"
  }
},
{
  "model": "marketplace.productimage",
  "pk": 10,
  "fields": {
    "product": 9,
    "image": "product_images/империя_12.jpg",
    "created_at": "2025-02-03T02:35:30.724Z"
  }
},
{
  "model": "marketplace.productimage",
  "pk": 11,
  "fields": {
    "product": 10,
    "image": "product_images/империя_10.jpg",
    "created_at": "2025-02-03T02:35:37.546Z"
  }
},
{
  "model": "marketplace.productimage",
  "pk": 12,
  "fields": {
    "product": 11,
    "image": "product_images/империя_11.jpg",
    "created_at": "2025-02-03T02:35:43.659Z"
  }
},
{
  "model": "marketplace.productimage",
  "pk": 13,
  "fields": {
    "product": 12,
    "image": "product_images/империя_14.jpg",
    "created_at": "2025-02-03T02:35:51.703Z"
  }
},
{
  "model": "marketplace.productimage",
  "pk": 14,
  "fields": {
    "product": 13,
    "image": "product_images/империя_6.jpg",
    "created_at": "2025-02-03T02:35:56.619Z"
  }
},
{
  "model": "marketplace.productimage",
  "pk": 15,
  "fields": {
    "product": 14,
    "image": "product_images/империя_9.jpg",
    "created_at": "2025-02-03T02:36:08.476Z"
  }
},
{
  "model": "marketplace.productimage",
  "pk": 16,
  "fields": {
    "product": 15,
    "image": "product_images/дикие_кроссы.jpg",
    "created_at": "2025-02-03T06:05:58.034Z"
  }
},
{
  "model": "marketplace.productimage",
  "pk": 24,
  "fields": {
    "product": 2,
    "image": "product_images/аксессуары_bRC3DKu.jpg",
    "created_at": "2025-02-06T01:25:26.885Z"
  }
},
{
  "model": "marketplace.productimage",
  "pk": 25,
  "fields": {
    "product": 2,
    "image": "product_images/военн_HlvUbKR.jpeg",
    "created_at": "2025-02-06T01:25:32.551Z"
  }
},
{
  "model": "marketplace.productimage",
  "pk": 26,
  "fields": {
    "product": 16,
    "image": "product_images/аксессуары_rxC4Nl0.jpg",
    "created_at": "2025-02-06T02:10:25.648Z"
  }
},
{
  "model": "marketplace.productimage",
  "pk": 30,
  "fields": {
    "product": 19,
    "image": "product_images/империя_3_VO0DgqC.jpg",
    "created_at": "2025-02-06T03:51:33.341Z"
  }
},
{
  "model": "marketplace.productimage",
  "pk": 31,
  "fields": {
    "product": 20,
    "image": "product_images/мужская.webp",
    "created_at": "2025-02-06T07:34:39.967Z"
  }
},
{
  "model": "marketplace.productimage",
  "pk": 33,
  "fields": {
    "product": 22,
    "image": "product_images/империя_3_GFVEsHQ.jpg",
    "created_at": "2025-02-06T07:38:40.069Z"
  }
},
{
  "model": "marketplace.productimage",
  "pk": 34,
  "fields": {
    "product": 23,
    "image": "product_images/RTLADM982801_23954793_1_v1.webp",
    "created_at": "2025-02-06T07:58:38.123Z"
  }
},
{
  "model": "marketplace.productimage",
  "pk": 35,
  "fields": {
    "product": 22,
    "image": "product_images/женская.png",
    "created_at": "2025-02-21T14:37:18.656Z"
  }
},
{
  "model": "marketplace.productimage",
  "pk": 37,
  "fields": {
    "product": 24,
    "image": "atto/products/мебель_твердая.jpg",
    "created_at": "2025-02-22T10:36:32.121Z"
  }
}
]
