[
{
  "model": "marketplace.category",
  "pk": 25,
  "fields": {
    "name": "Одежда и обувь",
    "parent": null,
    "description": "",
    "page_identificator": null,
    "big_image": "category_images/big_images/одежда.png",
    "small_image": "",
    "ordering": 0,
    "is_active": true,
    "created_at": "2025-02-03T04:13:09.781Z",
    "updated_at": "2025-02-21T13:25:33.794Z",
    "is_filterable": false,
    "lft": 1,
    "rght": 42,
    "tree_id": 5,
    "level": 0
  }
},
{
  "model": "marketplace.category",
  "pk": 26,
  "fields": {
    "name": "Женская",
    "parent": 25,
    "description": "",
    "page_identificator": null,
    "big_image": "category_images/big_images/женская.png",
    "small_image": "",
    "ordering": 0,
    "is_active": true,
    "created_at": "2025-02-03T04:13:19.995Z",
    "updated_at": "2025-02-03T05:07:36.533Z",
    "is_filterable": false,
    "lft": 2,
    "rght": 23,
    "tree_id": 5,
    "level": 1
  }
},
{
  "model": "marketplace.category",
  "pk": 28,
  "fields": {
    "name": "Мужская",
    "parent": 25,
    "description": "",
    "page_identificator": null,
    "big_image": "category_images/big_images/мужская.png",
    "small_image": "",
    "ordering": 0,
    "is_active": true,
    "created_at": "2025-02-03T04:13:53.900Z",
    "updated_at": "2025-02-03T05:07:50.798Z",
    "is_filterable": false,
    "lft": 24,
    "rght": 41,
    "tree_id": 5,
    "level": 1
  }
},
{
  "model": "marketplace.category",
  "pk": 29,
  "fields": {
    "name": "Обувь",
    "parent": 28,
    "description": "",
    "page_identificator": null,
    "big_image": "",
    "small_image": "category_images/small_images/фон_для_мелких_zpKbEqd.jpg",
    "ordering": 0,
    "is_active": true,
    "created_at": "2025-02-03T04:14:08.451Z",
    "updated_at": "2025-02-03T10:58:28.181Z",
    "is_filterable": false,
    "lft": 37,
    "rght": 40,
    "tree_id": 5,
    "level": 2
  }
},
{
  "model": "marketplace.category",
  "pk": 30,
  "fields": {
    "name": "Обувь",
    "parent": 26,
    "description": "",
    "page_identificator": null,
    "big_image": "",
    "small_image": "category_images/small_images/фон_для_мелких_vhkxvhp.jpg",
    "ordering": 0,
    "is_active": true,
    "created_at": "2025-02-03T04:14:25.233Z",
    "updated_at": "2025-02-03T05:34:06.161Z",
    "is_filterable": false,
    "lft": 17,
    "rght": 22,
    "tree_id": 5,
    "level": 2
  }
},
{
  "model": "marketplace.category",
  "pk": 31,
  "fields": {
    "name": "Кроссовки",
    "parent": 30,
    "description": "",
    "page_identificator": null,
    "big_image": "",
    "small_image": "category_images/small_images/фон_для_мелких_3XciXRl.jpg",
    "ordering": 0,
    "is_active": true,
    "created_at": "2025-02-03T04:14:33.648Z",
    "updated_at": "2025-02-03T05:34:14.456Z",
    "is_filterable": false,
    "lft": 18,
    "rght": 19,
    "tree_id": 5,
    "level": 3
  }
},
{
  "model": "marketplace.category",
  "pk": 32,
  "fields": {
    "name": "Кроссовки",
    "parent": 29,
    "description": "",
    "page_identificator": null,
    "big_image": "",
    "small_image": "category_images/small_images/1200x600-zinnwaldite-brown-solid-color-background_cHTCRXl.jpg",
    "ordering": 0,
    "is_active": true,
    "created_at": "2025-02-03T04:14:40.797Z",
    "updated_at": "2025-02-03T10:58:36.056Z",
    "is_filterable": false,
    "lft": 38,
    "rght": 39,
    "tree_id": 5,
    "level": 3
  }
},
{
  "model": "marketplace.category",
  "pk": 33,
  "fields": {
    "name": "Верхняя одежда",
    "parent": 26,
    "description": "",
    "page_identificator": null,
    "big_image": "",
    "small_image": "category_images/small_images/фон_для_мелких.jpg",
    "ordering": 0,
    "is_active": true,
    "created_at": "2025-02-03T04:14:49.211Z",
    "updated_at": "2025-02-03T05:33:41.757Z",
    "is_filterable": false,
    "lft": 3,
    "rght": 16,
    "tree_id": 5,
    "level": 2
  }
},
{
  "model": "marketplace.category",
  "pk": 34,
  "fields": {
    "name": "Верхняя одежда",
    "parent": 28,
    "description": "",
    "page_identificator": null,
    "big_image": "",
    "small_image": "category_images/small_images/фон_для_мелких_lxCc03x.jpg",
    "ordering": 0,
    "is_active": true,
    "created_at": "2025-02-03T04:14:58.618Z",
    "updated_at": "2025-02-03T10:57:41.815Z",
    "is_filterable": false,
    "lft": 27,
    "rght": 30,
    "tree_id": 5,
    "level": 2
  }
},
{
  "model": "marketplace.category",
  "pk": 35,
  "fields": {
    "name": "Шубы",
    "parent": 33,
    "description": "",
    "page_identificator": null,
    "big_image": "",
    "small_image": "category_images/small_images/фон_для_мелких_XDvAdLm.jpg",
    "ordering": 0,
    "is_active": true,
    "created_at": "2025-02-03T04:15:11.647Z",
    "updated_at": "2025-05-02T19:03:24.185Z",
    "is_filterable": false,
    "lft": 14,
    "rght": 15,
    "tree_id": 5,
    "level": 3
  }
},
{
  "model": "marketplace.category",
  "pk": 36,
  "fields": {
    "name": "Куртки на синтепоне",
    "parent": 33,
    "description": "",
    "page_identificator": null,
    "big_image": "",
    "small_image": "category_images/small_images/фон_для_мелких_txWRPz9.jpg",
    "ordering": 0,
    "is_active": true,
    "created_at": "2025-02-03T04:15:19.806Z",
    "updated_at": "2025-02-03T09:03:49.044Z",
    "is_filterable": false,
    "lft": 8,
    "rght": 9,
    "tree_id": 5,
    "level": 3
  }
},
{
  "model": "marketplace.category",
  "pk": 37,
  "fields": {
    "name": "Куртки",
    "parent": 34,
    "description": "",
    "page_identificator": null,
    "big_image": "",
    "small_image": "category_images/small_images/фон_для_мелких_L1XWrc1.jpg",
    "ordering": 0,
    "is_active": true,
    "created_at": "2025-02-03T04:15:36.837Z",
    "updated_at": "2025-02-03T05:34:32.891Z",
    "is_filterable": false,
    "lft": 28,
    "rght": 29,
    "tree_id": 5,
    "level": 3
  }
},
{
  "model": "marketplace.category",
  "pk": 38,
  "fields": {
    "name": "Автотовары",
    "parent": null,
    "description": "",
    "page_identificator": null,
    "big_image": "category_images/big_images/автозапчасти.jpg",
    "small_image": "",
    "ordering": 0,
    "is_active": true,
    "created_at": "2025-02-03T04:23:49.615Z",
    "updated_at": "2025-02-03T04:43:40.532Z",
    "is_filterable": false,
    "lft": 1,
    "rght": 4,
    "tree_id": 1,
    "level": 0
  }
},
{
  "model": "marketplace.category",
  "pk": 39,
  "fields": {
    "name": "Мебель",
    "parent": null,
    "description": "",
    "page_identificator": null,
    "big_image": "category_images/big_images/мебель_GVl0HZu.png",
    "small_image": "",
    "ordering": 0,
    "is_active": true,
    "created_at": "2025-02-03T04:23:58.322Z",
    "updated_at": "2025-02-03T11:16:30.228Z",
    "is_filterable": false,
    "lft": 1,
    "rght": 8,
    "tree_id": 4,
    "level": 0
  }
},
{
  "model": "marketplace.category",
  "pk": 40,
  "fields": {
    "name": "Для дачи",
    "parent": null,
    "description": "",
    "page_identificator": null,
    "big_image": "category_images/big_images/дача.jpg",
    "small_image": "",
    "ordering": 0,
    "is_active": true,
    "created_at": "2025-02-03T04:24:06.744Z",
    "updated_at": "2025-02-03T04:44:04.780Z",
    "is_filterable": false,
    "lft": 1,
    "rght": 2,
    "tree_id": 3,
    "level": 0
  }
},
{
  "model": "marketplace.category",
  "pk": 41,
  "fields": {
    "name": "Электроника",
    "parent": null,
    "description": "",
    "page_identificator": null,
    "big_image": "category_images/big_images/ноутбук.jpg",
    "small_image": "",
    "ordering": 0,
    "is_active": true,
    "created_at": "2025-02-03T04:24:15.801Z",
    "updated_at": "2025-02-03T04:44:33.026Z",
    "is_filterable": false,
    "lft": 1,
    "rght": 2,
    "tree_id": 6,
    "level": 0
  }
},
{
  "model": "marketplace.category",
  "pk": 42,
  "fields": {
    "name": "Дубленки",
    "parent": 33,
    "description": "",
    "page_identificator": null,
    "big_image": "",
    "small_image": "category_images/small_images/фон_для_мелких_QC50Neq.jpg",
    "ordering": 0,
    "is_active": true,
    "created_at": "2025-02-03T09:04:21.297Z",
    "updated_at": "2025-02-03T09:04:21.297Z",
    "is_filterable": false,
    "lft": 6,
    "rght": 7,
    "tree_id": 5,
    "level": 3
  }
},
{
  "model": "marketplace.category",
  "pk": 43,
  "fields": {
    "name": "Парки",
    "parent": 33,
    "description": "",
    "page_identificator": null,
    "big_image": "",
    "small_image": "category_images/small_images/фон_для_мелких_O34kMIM.jpg",
    "ordering": 0,
    "is_active": true,
    "created_at": "2025-02-03T09:04:42.485Z",
    "updated_at": "2025-02-03T09:04:42.485Z",
    "is_filterable": false,
    "lft": 10,
    "rght": 11,
    "tree_id": 5,
    "level": 3
  }
},
{
  "model": "marketplace.category",
  "pk": 44,
  "fields": {
    "name": "Утепленные пальто",
    "parent": 33,
    "description": "",
    "page_identificator": null,
    "big_image": "",
    "small_image": "category_images/small_images/фон_для_мелких_VQv6MCW.jpg",
    "ordering": 0,
    "is_active": true,
    "created_at": "2025-02-03T09:05:01.335Z",
    "updated_at": "2025-02-03T09:05:01.335Z",
    "is_filterable": false,
    "lft": 12,
    "rght": 13,
    "tree_id": 5,
    "level": 3
  }
},
{
  "model": "marketplace.category",
  "pk": 45,
  "fields": {
    "name": "Горнолыжные куртки",
    "parent": 33,
    "description": "",
    "page_identificator": null,
    "big_image": "",
    "small_image": "category_images/small_images/фон_для_мелких_T1uNZxV.jpg",
    "ordering": 0,
    "is_active": true,
    "created_at": "2025-02-03T09:05:18.946Z",
    "updated_at": "2025-02-03T09:05:18.946Z",
    "is_filterable": false,
    "lft": 4,
    "rght": 5,
    "tree_id": 5,
    "level": 3
  }
},
{
  "model": "marketplace.category",
  "pk": 46,
  "fields": {
    "name": "Брюки",
    "parent": 28,
    "description": "",
    "page_identificator": null,
    "big_image": "",
    "small_image": "category_images/small_images/фон_для_мелких_xCfp0zv.jpg",
    "ordering": 0,
    "is_active": true,
    "created_at": "2025-02-03T09:59:16.823Z",
    "updated_at": "2025-02-03T10:57:35.237Z",
    "is_filterable": false,
    "lft": 25,
    "rght": 26,
    "tree_id": 5,
    "level": 2
  }
},
{
  "model": "marketplace.category",
  "pk": 47,
  "fields": {
    "name": "Кофты",
    "parent": 28,
    "description": "",
    "page_identificator": null,
    "big_image": "",
    "small_image": "category_images/small_images/фон_для_мелких_APZBj4k.jpg",
    "ordering": 0,
    "is_active": true,
    "created_at": "2025-02-03T09:59:46.897Z",
    "updated_at": "2025-02-03T10:58:22.650Z",
    "is_filterable": false,
    "lft": 35,
    "rght": 36,
    "tree_id": 5,
    "level": 2
  }
},
{
  "model": "marketplace.category",
  "pk": 48,
  "fields": {
    "name": "Джинсы",
    "parent": 28,
    "description": "",
    "page_identificator": null,
    "big_image": "",
    "small_image": "category_images/small_images/фон_для_мелких_RfNMtZu.jpg",
    "ordering": 0,
    "is_active": true,
    "created_at": "2025-02-03T10:00:04.836Z",
    "updated_at": "2025-02-03T10:57:49.593Z",
    "is_filterable": false,
    "lft": 31,
    "rght": 32,
    "tree_id": 5,
    "level": 2
  }
},
{
  "model": "marketplace.category",
  "pk": 49,
  "fields": {
    "name": "Домашняя одежда",
    "parent": 28,
    "description": "",
    "page_identificator": null,
    "big_image": "",
    "small_image": "category_images/small_images/фон_для_мелких_4gCnCGW.jpg",
    "ordering": 0,
    "is_active": true,
    "created_at": "2025-02-03T10:00:27.758Z",
    "updated_at": "2025-02-03T10:58:17.763Z",
    "is_filterable": false,
    "lft": 33,
    "rght": 34,
    "tree_id": 5,
    "level": 2
  }
},
{
  "model": "marketplace.category",
  "pk": 50,
  "fields": {
    "name": "Аксессуары",
    "parent": null,
    "description": "",
    "page_identificator": null,
    "big_image": "category_images/big_images/аксессуары.jpg",
    "small_image": "",
    "ordering": 0,
    "is_active": true,
    "created_at": "2025-02-03T11:13:16.709Z",
    "updated_at": "2025-02-03T11:13:16.709Z",
    "is_filterable": false,
    "lft": 1,
    "rght": 2,
    "tree_id": 2,
    "level": 0
  }
},
{
  "model": "marketplace.category",
  "pk": 51,
  "fields": {
    "name": "Кухонная мебель",
    "parent": 39,
    "description": "",
    "page_identificator": null,
    "big_image": "category_images/big_images/кух_мебель.jpg",
    "small_image": "category_images/small_images/фон_для_мелких_5ECKDjF.jpg",
    "ordering": 3,
    "is_active": true,
    "created_at": "2025-02-03T11:19:07.976Z",
    "updated_at": "2025-02-03T11:29:34.242Z",
    "is_filterable": false,
    "lft": 2,
    "rght": 3,
    "tree_id": 4,
    "level": 1
  }
},
{
  "model": "marketplace.category",
  "pk": 52,
  "fields": {
    "name": "Мягкая мебель",
    "parent": 39,
    "description": "",
    "page_identificator": null,
    "big_image": "category_images/big_images/Мягк_мебель.webp",
    "small_image": "",
    "ordering": 2,
    "is_active": true,
    "created_at": "2025-02-03T11:23:30.442Z",
    "updated_at": "2025-02-03T11:29:31.358Z",
    "is_filterable": false,
    "lft": 4,
    "rght": 5,
    "tree_id": 4,
    "level": 1
  }
},
{
  "model": "marketplace.category",
  "pk": 53,
  "fields": {
    "name": "Твердая мебель",
    "parent": 39,
    "description": "",
    "page_identificator": null,
    "big_image": "category_images/big_images/мебель_твердая.jpg",
    "small_image": "",
    "ordering": 1,
    "is_active": true,
    "created_at": "2025-02-03T11:28:01.879Z",
    "updated_at": "2025-02-03T11:29:27.922Z",
    "is_filterable": false,
    "lft": 6,
    "rght": 7,
    "tree_id": 4,
    "level": 1
  }
},
{
  "model": "marketplace.category",
  "pk": 54,
  "fields": {
    "name": "Тест",
    "parent": 38,
    "description": "",
    "page_identificator": null,
    "big_image": "",
    "small_image": "category_images/small_images/1200x600-zinnwaldite-brown-solid-color-background_n89pSNJ.jpg",
    "ordering": 0,
    "is_active": true,
    "created_at": "2025-02-06T04:04:57.173Z",
    "updated_at": "2025-02-06T04:04:57.173Z",
    "is_filterable": false,
    "lft": 2,
    "rght": 3,
    "tree_id": 1,
    "level": 1
  }
},
{
  "model": "marketplace.category",
  "pk": 55,
  "fields": {
    "name": "Туфли",
    "parent": 30,
    "description": "",
    "page_identificator": null,
    "big_image": "",
    "small_image": "category_images/small_images/фон_для_мелких_CyCbuww.jpg",
    "ordering": 0,
    "is_active": true,
    "created_at": "2025-02-21T13:27:05.855Z",
    "updated_at": "2025-02-21T13:27:05.855Z",
    "is_filterable": false,
    "lft": 20,
    "rght": 21,
    "tree_id": 5,
    "level": 3
  }
},
{
  "model": "marketplace.product",
  "pk": 2,
  "fields": {
    "business": 1,
    "category": 33,
    "name": "Футболка Белая",
    "description": "Футболка из хлопка, хорошо подходит как для ежедневной носки, так и для похода на мероприятия, легкий хлопок хорошо дышит, что особенно хорошо в жаркую погоду, наши личные лекала создают красивый оверсайз силуэт, который будет хорошо сидеть на любой фигуре.",
    "on_the_main": true,
    "is_active": true,
    "created_at": "2025-05-01T23:29:43.716Z",
    "updated_at": "2025-05-13T15:21:42.993Z"
  }
},
{
  "model": "marketplace.product",
  "pk": 3,
  "fields": {
    "business": 1,
    "category": 35,
    "name": "Шуба Соболь и очень длинное названиееее",
    "description": "",
    "on_the_main": true,
    "is_active": true,
    "created_at": "2025-05-02T19:45:13.121Z",
    "updated_at": "2025-05-17T10:08:45.180Z"
  }
},
{
  "model": "marketplace.attribute",
  "pk": 1,
  "fields": {
    "name": "Размер",
    "has_predefined_values": true,
    "is_filterable": true,
    "display_order": 0
  }
},
{
  "model": "marketplace.attribute",
  "pk": 2,
  "fields": {
    "name": "Длина Рукова",
    "has_predefined_values": false,
    "is_filterable": true,
    "display_order": 0
  }
},
{
  "model": "marketplace.attribute",
  "pk": 3,
  "fields": {
    "name": "Цвет",
    "has_predefined_values": true,
    "is_filterable": true,
    "display_order": 0
  }
},
{
  "model": "marketplace.attribute",
  "pk": 4,
  "fields": {
    "name": "Материал",
    "has_predefined_values": true,
    "is_filterable": true,
    "display_order": 0
  }
},
{
  "model": "marketplace.attributevalue",
  "pk": 2,
  "fields": {
    "attribute": 1,
    "value": "XL",
    "display_order": 0,
    "color_code": null
  }
},
{
  "model": "marketplace.attributevalue",
  "pk": 3,
  "fields": {
    "attribute": 1,
    "value": "M",
    "display_order": 0,
    "color_code": null
  }
},
{
  "model": "marketplace.attributevalue",
  "pk": 6,
  "fields": {
    "attribute": 2,
    "value": "-",
    "display_order": 0,
    "color_code": null
  }
},
{
  "model": "marketplace.attributevalue",
  "pk": 7,
  "fields": {
    "attribute": 1,
    "value": "S",
    "display_order": 0,
    "color_code": null
  }
},
{
  "model": "marketplace.attributevalue",
  "pk": 8,
  "fields": {
    "attribute": 3,
    "value": "Синий",
    "display_order": 0,
    "color_code": null
  }
},
{
  "model": "marketplace.attributevalue",
  "pk": 9,
  "fields": {
    "attribute": 3,
    "value": "Черный",
    "display_order": 0,
    "color_code": null
  }
},
{
  "model": "marketplace.attributevalue",
  "pk": 10,
  "fields": {
    "attribute": 3,
    "value": "Белый",
    "display_order": 0,
    "color_code": null
  }
},
{
  "model": "marketplace.attributevalue",
  "pk": 11,
  "fields": {
    "attribute": 4,
    "value": "Хлопок 100%",
    "display_order": 0,
    "color_code": null
  }
},
{
  "model": "marketplace.categoryattribute",
  "pk": 1,
  "fields": {
    "category": 26,
    "attribute": 1,
    "required": true,
    "display_order": 0,
    "show_attribute_at_right": true
  }
},
{
  "model": "marketplace.categoryattribute",
  "pk": 2,
  "fields": {
    "category": 33,
    "attribute": 2,
    "required": false,
    "display_order": 0,
    "show_attribute_at_right": false
  }
},
{
  "model": "marketplace.categoryattribute",
  "pk": 3,
  "fields": {
    "category": 33,
    "attribute": 3,
    "required": true,
    "display_order": 0,
    "show_attribute_at_right": false
  }
},
{
  "model": "marketplace.categoryattribute",
  "pk": 4,
  "fields": {
    "category": 33,
    "attribute": 4,
    "required": true,
    "display_order": 0,
    "show_attribute_at_right": false
  }
},
{
  "model": "marketplace.productvariant",
  "pk": 1,
  "fields": {
    "product": 2,
    "sku": "Черный жи есть",
    "has_custom_name": false,
    "custom_name": null,
    "has_custom_description": false,
    "custom_description": "",
    "price": "30000.00",
    "discount": "0.00",
    "stock_quantity": 89,
    "show_this": true,
    "created_at": "2025-05-01T23:33:41.499Z",
    "updated_at": "2025-05-11T18:20:39.577Z"
  }
},
{
  "model": "marketplace.productvariant",
  "pk": 2,
  "fields": {
    "product": 2,
    "sku": "тоже верная только л",
    "has_custom_name": false,
    "custom_name": null,
    "has_custom_description": false,
    "custom_description": "",
    "price": "990.00",
    "discount": "5.00",
    "stock_quantity": 120,
    "show_this": false,
    "created_at": "2025-05-02T15:13:30.935Z",
    "updated_at": "2025-05-02T15:14:52.888Z"
  }
},
{
  "model": "marketplace.productvariant",
  "pk": 3,
  "fields": {
    "product": 3,
    "sku": "размер л",
    "has_custom_name": false,
    "custom_name": null,
    "has_custom_description": false,
    "custom_description": "",
    "price": "500000.00",
    "discount": null,
    "stock_quantity": 50,
    "show_this": true,
    "created_at": "2025-05-02T19:46:19.143Z",
    "updated_at": "2025-05-11T20:08:49.191Z"
  }
},
{
  "model": "marketplace.productvariant",
  "pk": 4,
  "fields": {
    "product": 3,
    "sku": "wwsx52sS",
    "has_custom_name": false,
    "custom_name": null,
    "has_custom_description": false,
    "custom_description": "",
    "price": "500000.00",
    "discount": null,
    "stock_quantity": 0,
    "show_this": true,
    "created_at": "2025-05-11T20:04:51.514Z",
    "updated_at": "2025-05-11T20:47:32.291Z"
  }
},
{
  "model": "marketplace.productvariantattribute",
  "pk": 2,
  "fields": {
    "variant": 1,
    "category_attribute": 2,
    "predefined_value": null,
    "custom_value": "10 см"
  }
},
{
  "model": "marketplace.productvariantattribute",
  "pk": 3,
  "fields": {
    "variant": 2,
    "category_attribute": 1,
    "predefined_value": 2,
    "custom_value": ""
  }
},
{
  "model": "marketplace.productvariantattribute",
  "pk": 4,
  "fields": {
    "variant": 2,
    "category_attribute": 2,
    "predefined_value": null,
    "custom_value": "12"
  }
},
{
  "model": "marketplace.productvariantattribute",
  "pk": 5,
  "fields": {
    "variant": 1,
    "category_attribute": 1,
    "predefined_value": 3,
    "custom_value": ""
  }
},
{
  "model": "marketplace.productvariantattribute",
  "pk": 6,
  "fields": {
    "variant": 3,
    "category_attribute": 1,
    "predefined_value": 7,
    "custom_value": ""
  }
},
{
  "model": "marketplace.productvariantattribute",
  "pk": 8,
  "fields": {
    "variant": 2,
    "category_attribute": 3,
    "predefined_value": 9,
    "custom_value": ""
  }
},
{
  "model": "marketplace.productvariantattribute",
  "pk": 9,
  "fields": {
    "variant": 3,
    "category_attribute": 4,
    "predefined_value": 11,
    "custom_value": "коттон 100%"
  }
},
{
  "model": "marketplace.productvariantattribute",
  "pk": 10,
  "fields": {
    "variant": 4,
    "category_attribute": 1,
    "predefined_value": 3,
    "custom_value": ""
  }
},
{
  "model": "marketplace.productvariantattribute",
  "pk": 11,
  "fields": {
    "variant": 4,
    "category_attribute": 2,
    "predefined_value": null,
    "custom_value": "12 см"
  }
},
{
  "model": "marketplace.productvariantattribute",
  "pk": 12,
  "fields": {
    "variant": 4,
    "category_attribute": 4,
    "predefined_value": 11,
    "custom_value": ""
  }
},
{
  "model": "marketplace.productvariantattribute",
  "pk": 13,
  "fields": {
    "variant": 4,
    "category_attribute": 3,
    "predefined_value": 10,
    "custom_value": ""
  }
},
{
  "model": "marketplace.productimage",
  "pk": 1,
  "fields": {
    "product": 2,
    "image": "imperia/products/БелаяФутболка1.webp",
    "is_main": true,
    "alt_text": null,
    "display_order": 0,
    "created_at": "2025-05-01T23:29:43.719Z"
  }
},
{
  "model": "marketplace.productimage",
  "pk": 2,
  "fields": {
    "product": 2,
    "image": "imperia/products/БелаяФутболка2.webp",
    "is_main": false,
    "alt_text": null,
    "display_order": 0,
    "created_at": "2025-05-01T23:29:43.719Z"
  }
},
{
  "model": "marketplace.productimage",
  "pk": 3,
  "fields": {
    "product": 2,
    "image": "imperia/products/БелаяФутболка3.webp",
    "is_main": false,
    "alt_text": null,
    "display_order": 0,
    "created_at": "2025-05-01T23:29:43.720Z"
  }
},
{
  "model": "marketplace.productimage",
  "pk": 4,
  "fields": {
    "product": 3,
    "image": "imperia/products/империя_3.jpg",
    "is_main": false,
    "alt_text": null,
    "display_order": 0,
    "created_at": "2025-05-02T19:45:13.122Z"
  }
},
{
  "model": "marketplace.productimage",
  "pk": 5,
  "fields": {
    "product": 3,
    "image": "imperia/products/империя_4.jpg",
    "is_main": false,
    "alt_text": null,
    "display_order": 0,
    "created_at": "2025-05-02T19:45:13.123Z"
  }
},
{
  "model": "marketplace.productimage",
  "pk": 6,
  "fields": {
    "product": 2,
    "image": "imperia/products/женская.png",
    "is_main": false,
    "alt_text": "",
    "display_order": 0,
    "created_at": "2025-05-11T17:56:27.575Z"
  }
}
]
