[
{
  "model": "marketplace.category",
  "pk": 25,
  "fields": {
    "name": "Одежда и обувь",
    "parent": null,
    "description": "",
    "page_identificator": null,
    "big_image": "category_images/big_images/одежда.png",
    "small_image": "",
    "ordering": 0,
    "is_active": true,
    "created_at": "2025-02-03T04:13:09.781Z",
    "updated_at": "2025-02-21T13:25:33.794Z",
    "is_filterable": false,
    "lft": 1,
    "rght": 42,
    "tree_id": 5,
    "level": 0
  }
},
{
  "model": "marketplace.category",
  "pk": 26,
  "fields": {
    "name": "Женская",
    "parent": 25,
    "description": "",
    "page_identificator": null,
    "big_image": "category_images/big_images/женская.png",
    "small_image": "",
    "ordering": 0,
    "is_active": true,
    "created_at": "2025-02-03T04:13:19.995Z",
    "updated_at": "2025-02-03T05:07:36.533Z",
    "is_filterable": false,
    "lft": 2,
    "rght": 23,
    "tree_id": 5,
    "level": 1
  }
},
{
  "model": "marketplace.category",
  "pk": 28,
  "fields": {
    "name": "Мужская",
    "parent": 25,
    "description": "",
    "page_identificator": null,
    "big_image": "category_images/big_images/мужская.png",
    "small_image": "",
    "ordering": 0,
    "is_active": true,
    "created_at": "2025-02-03T04:13:53.900Z",
    "updated_at": "2025-02-03T05:07:50.798Z",
    "is_filterable": false,
    "lft": 24,
    "rght": 41,
    "tree_id": 5,
    "level": 1
  }
},
{
  "model": "marketplace.category",
  "pk": 29,
  "fields": {
    "name": "Обувь",
    "parent": 28,
    "description": "",
    "page_identificator": null,
    "big_image": "",
    "small_image": "category_images/small_images/фон_для_мелких_zpKbEqd.jpg",
    "ordering": 0,
    "is_active": true,
    "created_at": "2025-02-03T04:14:08.451Z",
    "updated_at": "2025-02-03T10:58:28.181Z",
    "is_filterable": false,
    "lft": 37,
    "rght": 40,
    "tree_id": 5,
    "level": 2
  }
},
{
  "model": "marketplace.category",
  "pk": 30,
  "fields": {
    "name": "Обувь",
    "parent": 26,
    "description": "",
    "page_identificator": null,
    "big_image": "",
    "small_image": "category_images/small_images/фон_для_мелких_vhkxvhp.jpg",
    "ordering": 0,
    "is_active": true,
    "created_at": "2025-02-03T04:14:25.233Z",
    "updated_at": "2025-02-03T05:34:06.161Z",
    "is_filterable": false,
    "lft": 17,
    "rght": 22,
    "tree_id": 5,
    "level": 2
  }
},
{
  "model": "marketplace.category",
  "pk": 31,
  "fields": {
    "name": "Кроссовки",
    "parent": 30,
    "description": "",
    "page_identificator": null,
    "big_image": "",
    "small_image": "category_images/small_images/фон_для_мелких_3XciXRl.jpg",
    "ordering": 0,
    "is_active": true,
    "created_at": "2025-02-03T04:14:33.648Z",
    "updated_at": "2025-02-03T05:34:14.456Z",
    "is_filterable": false,
    "lft": 18,
    "rght": 19,
    "tree_id": 5,
    "level": 3
  }
},
{
  "model": "marketplace.category",
  "pk": 32,
  "fields": {
    "name": "Кроссовки",
    "parent": 29,
    "description": "",
    "page_identificator": null,
    "big_image": "",
    "small_image": "category_images/small_images/1200x600-zinnwaldite-brown-solid-color-background_cHTCRXl.jpg",
    "ordering": 0,
    "is_active": true,
    "created_at": "2025-02-03T04:14:40.797Z",
    "updated_at": "2025-02-03T10:58:36.056Z",
    "is_filterable": false,
    "lft": 38,
    "rght": 39,
    "tree_id": 5,
    "level": 3
  }
},
{
  "model": "marketplace.category",
  "pk": 33,
  "fields": {
    "name": "Верхняя одежда",
    "parent": 26,
    "description": "",
    "page_identificator": null,
    "big_image": "",
    "small_image": "category_images/small_images/фон_для_мелких.jpg",
    "ordering": 0,
    "is_active": true,
    "created_at": "2025-02-03T04:14:49.211Z",
    "updated_at": "2025-02-03T05:33:41.757Z",
    "is_filterable": false,
    "lft": 3,
    "rght": 16,
    "tree_id": 5,
    "level": 2
  }
},
{
  "model": "marketplace.category",
  "pk": 34,
  "fields": {
    "name": "Верхняя одежда",
    "parent": 28,
    "description": "",
    "page_identificator": null,
    "big_image": "",
    "small_image": "category_images/small_images/фон_для_мелких_lxCc03x.jpg",
    "ordering": 0,
    "is_active": true,
    "created_at": "2025-02-03T04:14:58.618Z",
    "updated_at": "2025-02-03T10:57:41.815Z",
    "is_filterable": false,
    "lft": 27,
    "rght": 30,
    "tree_id": 5,
    "level": 2
  }
},
{
  "model": "marketplace.category",
  "pk": 35,
  "fields": {
    "name": "Шубы",
    "parent": 33,
    "description": "",
    "page_identificator": null,
    "big_image": "",
    "small_image": "category_images/small_images/фон_для_мелких_XDvAdLm.jpg",
    "ordering": 0,
    "is_active": true,
    "created_at": "2025-02-03T04:15:11.647Z",
    "updated_at": "2025-05-02T19:03:24.185Z",
    "is_filterable": false,
    "lft": 14,
    "rght": 15,
    "tree_id": 5,
    "level": 3
  }
},
{
  "model": "marketplace.category",
  "pk": 36,
  "fields": {
    "name": "Куртки на синтепоне",
    "parent": 33,
    "description": "",
    "page_identificator": null,
    "big_image": "",
    "small_image": "category_images/small_images/фон_для_мелких_txWRPz9.jpg",
    "ordering": 0,
    "is_active": true,
    "created_at": "2025-02-03T04:15:19.806Z",
    "updated_at": "2025-02-03T09:03:49.044Z",
    "is_filterable": false,
    "lft": 8,
    "rght": 9,
    "tree_id": 5,
    "level": 3
  }
},
{
  "model": "marketplace.category",
  "pk": 37,
  "fields": {
    "name": "Куртки",
    "parent": 34,
    "description": "",
    "page_identificator": null,
    "big_image": "",
    "small_image": "category_images/small_images/фон_для_мелких_L1XWrc1.jpg",
    "ordering": 0,
    "is_active": true,
    "created_at": "2025-02-03T04:15:36.837Z",
    "updated_at": "2025-02-03T05:34:32.891Z",
    "is_filterable": false,
    "lft": 28,
    "rght": 29,
    "tree_id": 5,
    "level": 3
  }
},
{
  "model": "marketplace.category",
  "pk": 38,
  "fields": {
    "name": "Автотовары",
    "parent": null,
    "description": "",
    "page_identificator": null,
    "big_image": "category_images/big_images/автозапчасти.jpg",
    "small_image": "",
    "ordering": 0,
    "is_active": true,
    "created_at": "2025-02-03T04:23:49.615Z",
    "updated_at": "2025-02-03T04:43:40.532Z",
    "is_filterable": false,
    "lft": 1,
    "rght": 4,
    "tree_id": 1,
    "level": 0
  }
},
{
  "model": "marketplace.category",
  "pk": 39,
  "fields": {
    "name": "Мебель",
    "parent": null,
    "description": "",
    "page_identificator": null,
    "big_image": "category_images/big_images/мебель_GVl0HZu.png",
    "small_image": "",
    "ordering": 0,
    "is_active": true,
    "created_at": "2025-02-03T04:23:58.322Z",
    "updated_at": "2025-02-03T11:16:30.228Z",
    "is_filterable": false,
    "lft": 1,
    "rght": 8,
    "tree_id": 4,
    "level": 0
  }
},
{
  "model": "marketplace.category",
  "pk": 40,
  "fields": {
    "name": "Для дачи",
    "parent": null,
    "description": "",
    "page_identificator": null,
    "big_image": "category_images/big_images/дача.jpg",
    "small_image": "",
    "ordering": 0,
    "is_active": true,
    "created_at": "2025-02-03T04:24:06.744Z",
    "updated_at": "2025-02-03T04:44:04.780Z",
    "is_filterable": false,
    "lft": 1,
    "rght": 2,
    "tree_id": 3,
    "level": 0
  }
},
{
  "model": "marketplace.category",
  "pk": 41,
  "fields": {
    "name": "Электроника",
    "parent": null,
    "description": "",
    "page_identificator": null,
    "big_image": "category_images/big_images/ноутбук.jpg",
    "small_image": "",
    "ordering": 0,
    "is_active": true,
    "created_at": "2025-02-03T04:24:15.801Z",
    "updated_at": "2025-02-03T04:44:33.026Z",
    "is_filterable": false,
    "lft": 1,
    "rght": 2,
    "tree_id": 6,
    "level": 0
  }
},
{
  "model": "marketplace.category",
  "pk": 42,
  "fields": {
    "name": "Дубленки",
    "parent": 33,
    "description": "",
    "page_identificator": null,
    "big_image": "",
    "small_image": "category_images/small_images/фон_для_мелких_QC50Neq.jpg",
    "ordering": 0,
    "is_active": true,
    "created_at": "2025-02-03T09:04:21.297Z",
    "updated_at": "2025-02-03T09:04:21.297Z",
    "is_filterable": false,
    "lft": 6,
    "rght": 7,
    "tree_id": 5,
    "level": 3
  }
},
{
  "model": "marketplace.category",
  "pk": 43,
  "fields": {
    "name": "Парки",
    "parent": 33,
    "description": "",
    "page_identificator": null,
    "big_image": "",
    "small_image": "category_images/small_images/фон_для_мелких_O34kMIM.jpg",
    "ordering": 0,
    "is_active": true,
    "created_at": "2025-02-03T09:04:42.485Z",
    "updated_at": "2025-02-03T09:04:42.485Z",
    "is_filterable": false,
    "lft": 10,
    "rght": 11,
    "tree_id": 5,
    "level": 3
  }
},
{
  "model": "marketplace.category",
  "pk": 44,
  "fields": {
    "name": "Утепленные пальто",
    "parent": 33,
    "description": "",
    "page_identificator": null,
    "big_image": "",
    "small_image": "category_images/small_images/фон_для_мелких_VQv6MCW.jpg",
    "ordering": 0,
    "is_active": true,
    "created_at": "2025-02-03T09:05:01.335Z",
    "updated_at": "2025-02-03T09:05:01.335Z",
    "is_filterable": false,
    "lft": 12,
    "rght": 13,
    "tree_id": 5,
    "level": 3
  }
},
{
  "model": "marketplace.category",
  "pk": 45,
  "fields": {
    "name": "Горнолыжные куртки",
    "parent": 33,
    "description": "",
    "page_identificator": null,
    "big_image": "",
    "small_image": "category_images/small_images/фон_для_мелких_T1uNZxV.jpg",
    "ordering": 0,
    "is_active": true,
    "created_at": "2025-02-03T09:05:18.946Z",
    "updated_at": "2025-02-03T09:05:18.946Z",
    "is_filterable": false,
    "lft": 4,
    "rght": 5,
    "tree_id": 5,
    "level": 3
  }
},
{
  "model": "marketplace.category",
  "pk": 46,
  "fields": {
    "name": "Брюки",
    "parent": 28,
    "description": "",
    "page_identificator": null,
    "big_image": "",
    "small_image": "category_images/small_images/фон_для_мелких_xCfp0zv.jpg",
    "ordering": 0,
    "is_active": true,
    "created_at": "2025-02-03T09:59:16.823Z",
    "updated_at": "2025-02-03T10:57:35.237Z",
    "is_filterable": false,
    "lft": 25,
    "rght": 26,
    "tree_id": 5,
    "level": 2
  }
},
{
  "model": "marketplace.category",
  "pk": 47,
  "fields": {
    "name": "Кофты",
    "parent": 28,
    "description": "",
    "page_identificator": null,
    "big_image": "",
    "small_image": "category_images/small_images/фон_для_мелких_APZBj4k.jpg",
    "ordering": 0,
    "is_active": true,
    "created_at": "2025-02-03T09:59:46.897Z",
    "updated_at": "2025-02-03T10:58:22.650Z",
    "is_filterable": false,
    "lft": 35,
    "rght": 36,
    "tree_id": 5,
    "level": 2
  }
},
{
  "model": "marketplace.category",
  "pk": 48,
  "fields": {
    "name": "Джинсы",
    "parent": 28,
    "description": "",
    "page_identificator": null,
    "big_image": "",
    "small_image": "category_images/small_images/фон_для_мелких_RfNMtZu.jpg",
    "ordering": 0,
    "is_active": true,
    "created_at": "2025-02-03T10:00:04.836Z",
    "updated_at": "2025-02-03T10:57:49.593Z",
    "is_filterable": false,
    "lft": 31,
    "rght": 32,
    "tree_id": 5,
    "level": 2
  }
},
{
  "model": "marketplace.category",
  "pk": 49,
  "fields": {
    "name": "Домашняя одежда",
    "parent": 28,
    "description": "",
    "page_identificator": null,
    "big_image": "",
    "small_image": "category_images/small_images/фон_для_мелких_4gCnCGW.jpg",
    "ordering": 0,
    "is_active": true,
    "created_at": "2025-02-03T10:00:27.758Z",
    "updated_at": "2025-02-03T10:58:17.763Z",
    "is_filterable": false,
    "lft": 33,
    "rght": 34,
    "tree_id": 5,
    "level": 2
  }
},
{
  "model": "marketplace.category",
  "pk": 50,
  "fields": {
    "name": "Аксессуары",
    "parent": null,
    "description": "",
    "page_identificator": null,
    "big_image": "category_images/big_images/аксессуары.jpg",
    "small_image": "",
    "ordering": 0,
    "is_active": true,
    "created_at": "2025-02-03T11:13:16.709Z",
    "updated_at": "2025-02-03T11:13:16.709Z",
    "is_filterable": false,
    "lft": 1,
    "rght": 2,
    "tree_id": 2,
    "level": 0
  }
},
{
  "model": "marketplace.category",
  "pk": 51,
  "fields": {
    "name": "Кухонная мебель",
    "parent": 39,
    "description": "",
    "page_identificator": null,
    "big_image": "category_images/big_images/кух_мебель.jpg",
    "small_image": "category_images/small_images/фон_для_мелких_5ECKDjF.jpg",
    "ordering": 3,
    "is_active": true,
    "created_at": "2025-02-03T11:19:07.976Z",
    "updated_at": "2025-02-03T11:29:34.242Z",
    "is_filterable": false,
    "lft": 2,
    "rght": 3,
    "tree_id": 4,
    "level": 1
  }
},
{
  "model": "marketplace.category",
  "pk": 52,
  "fields": {
    "name": "Мягкая мебель",
    "parent": 39,
    "description": "",
    "page_identificator": null,
    "big_image": "category_images/big_images/Мягк_мебель.webp",
    "small_image": "",
    "ordering": 2,
    "is_active": true,
    "created_at": "2025-02-03T11:23:30.442Z",
    "updated_at": "2025-02-03T11:29:31.358Z",
    "is_filterable": false,
    "lft": 4,
    "rght": 5,
    "tree_id": 4,
    "level": 1
  }
},
{
  "model": "marketplace.category",
  "pk": 53,
  "fields": {
    "name": "Твердая мебель",
    "parent": 39,
    "description": "",
    "page_identificator": null,
    "big_image": "category_images/big_images/мебель_твердая.jpg",
    "small_image": "",
    "ordering": 1,
    "is_active": true,
    "created_at": "2025-02-03T11:28:01.879Z",
    "updated_at": "2025-02-03T11:29:27.922Z",
    "is_filterable": false,
    "lft": 6,
    "rght": 7,
    "tree_id": 4,
    "level": 1
  }
},
{
  "model": "marketplace.category",
  "pk": 54,
  "fields": {
    "name": "Тест",
    "parent": 38,
    "description": "",
    "page_identificator": null,
    "big_image": "",
    "small_image": "category_images/small_images/1200x600-zinnwaldite-brown-solid-color-background_n89pSNJ.jpg",
    "ordering": 0,
    "is_active": true,
    "created_at": "2025-02-06T04:04:57.173Z",
    "updated_at": "2025-02-06T04:04:57.173Z",
    "is_filterable": false,
    "lft": 2,
    "rght": 3,
    "tree_id": 1,
    "level": 1
  }
},
{
  "model": "marketplace.category",
  "pk": 55,
  "fields": {
    "name": "Туфли",
    "parent": 30,
    "description": "",
    "page_identificator": null,
    "big_image": "",
    "small_image": "category_images/small_images/фон_для_мелких_CyCbuww.jpg",
    "ordering": 0,
    "is_active": true,
    "created_at": "2025-02-21T13:27:05.855Z",
    "updated_at": "2025-02-21T13:27:05.855Z",
    "is_filterable": false,
    "lft": 20,
    "rght": 21,
    "tree_id": 5,
    "level": 3
  }
},
{
  "model": "marketplace.product",
  "pk": 27,
  "fields": {
    "business": 1,
    "category": 35,
    "name": "Норковая шуба с капюшоном Flaumfeder 716766003",
    "description": "Укороченная шуба из меха норки черного цвета. Модель прямого силуэта с застежкой на крючки и крупную пуговицу, прорезными карманами, дополненная теплым капюшоном и кулиской по низу.",
    "is_visible_on_marketplace": true,
    "is_visible_on_own_site": true,
    "is_active": true,
    "created_at": "2025-07-06T11:07:09.450Z",
    "updated_at": "2025-07-08T09:15:38.440Z"
  }
},
{
  "model": "marketplace.product",
  "pk": 28,
  "fields": {
    "business": 1,
    "category": 35,
    "name": "Шуба Соболь и очень длинное названиееее",
    "description": "Шуба",
    "is_visible_on_marketplace": true,
    "is_visible_on_own_site": true,
    "is_active": true,
    "created_at": "2025-07-07T11:29:46.073Z",
    "updated_at": "2025-07-07T11:29:46.073Z"
  }
},
{
  "model": "marketplace.attribute",
  "pk": 1,
  "fields": {
    "name": "Размер",
    "has_predefined_values": true,
    "is_filterable": true,
    "display_order": 0
  }
},
{
  "model": "marketplace.attribute",
  "pk": 2,
  "fields": {
    "name": "Длина Рукова",
    "has_predefined_values": false,
    "is_filterable": true,
    "display_order": 0
  }
},
{
  "model": "marketplace.attribute",
  "pk": 3,
  "fields": {
    "name": "Цвет",
    "has_predefined_values": true,
    "is_filterable": true,
    "display_order": 0
  }
},
{
  "model": "marketplace.attribute",
  "pk": 4,
  "fields": {
    "name": "Материал",
    "has_predefined_values": false,
    "is_filterable": true,
    "display_order": 0
  }
},
{
  "model": "marketplace.attribute",
  "pk": 5,
  "fields": {
    "name": "Производитель (страна)",
    "has_predefined_values": false,
    "is_filterable": true,
    "display_order": 0
  }
},
{
  "model": "marketplace.attribute",
  "pk": 6,
  "fields": {
    "name": "Капюшон",
    "has_predefined_values": true,
    "is_filterable": true,
    "display_order": 0
  }
},
{
  "model": "marketplace.attributevalue",
  "pk": 2,
  "fields": {
    "attribute": 1,
    "value": "XL",
    "display_order": 0,
    "color_code": null
  }
},
{
  "model": "marketplace.attributevalue",
  "pk": 3,
  "fields": {
    "attribute": 1,
    "value": "M",
    "display_order": 0,
    "color_code": null
  }
},
{
  "model": "marketplace.attributevalue",
  "pk": 6,
  "fields": {
    "attribute": 2,
    "value": "-",
    "display_order": 0,
    "color_code": null
  }
},
{
  "model": "marketplace.attributevalue",
  "pk": 7,
  "fields": {
    "attribute": 1,
    "value": "S",
    "display_order": 0,
    "color_code": null
  }
},
{
  "model": "marketplace.attributevalue",
  "pk": 8,
  "fields": {
    "attribute": 3,
    "value": "Синий",
    "display_order": 0,
    "color_code": null
  }
},
{
  "model": "marketplace.attributevalue",
  "pk": 9,
  "fields": {
    "attribute": 3,
    "value": "Черный",
    "display_order": 0,
    "color_code": null
  }
},
{
  "model": "marketplace.attributevalue",
  "pk": 10,
  "fields": {
    "attribute": 3,
    "value": "Белый",
    "display_order": 0,
    "color_code": null
  }
},
{
  "model": "marketplace.attributevalue",
  "pk": 11,
  "fields": {
    "attribute": 4,
    "value": "-",
    "display_order": 0,
    "color_code": null
  }
},
{
  "model": "marketplace.attributevalue",
  "pk": 12,
  "fields": {
    "attribute": 6,
    "value": "Есть",
    "display_order": 0,
    "color_code": null
  }
},
{
  "model": "marketplace.attributevalue",
  "pk": 13,
  "fields": {
    "attribute": 6,
    "value": "Нет",
    "display_order": 0,
    "color_code": null
  }
},
{
  "model": "marketplace.categoryattribute",
  "pk": 1,
  "fields": {
    "category": 26,
    "attribute": 1,
    "required": true,
    "display_order": 0,
    "show_attribute_at_right": true
  }
},
{
  "model": "marketplace.categoryattribute",
  "pk": 2,
  "fields": {
    "category": 33,
    "attribute": 2,
    "required": false,
    "display_order": 0,
    "show_attribute_at_right": false
  }
},
{
  "model": "marketplace.categoryattribute",
  "pk": 3,
  "fields": {
    "category": 33,
    "attribute": 3,
    "required": true,
    "display_order": 0,
    "show_attribute_at_right": false
  }
},
{
  "model": "marketplace.categoryattribute",
  "pk": 4,
  "fields": {
    "category": 33,
    "attribute": 4,
    "required": true,
    "display_order": 0,
    "show_attribute_at_right": false
  }
},
{
  "model": "marketplace.categoryattribute",
  "pk": 5,
  "fields": {
    "category": 33,
    "attribute": 5,
    "required": true,
    "display_order": 0,
    "show_attribute_at_right": false
  }
},
{
  "model": "marketplace.categoryattribute",
  "pk": 6,
  "fields": {
    "category": 33,
    "attribute": 6,
    "required": true,
    "display_order": 0,
    "show_attribute_at_right": false
  }
},
{
  "model": "marketplace.productvariant",
  "pk": 36,
  "fields": {
    "product": 27,
    "barcode": "2006767309682",
    "barcode_image": "imperia/barcodes/2006767309682.png",
    "sku": "imperia-36",
    "has_custom_name": false,
    "custom_name": null,
    "has_custom_description": false,
    "custom_description": null,
    "price": "689990.00",
    "discount": "10.00",
    "show_this": true,
    "created_at": "2025-07-06T11:07:09.469Z",
    "updated_at": "2025-07-08T09:15:38.448Z"
  }
},
{
  "model": "marketplace.productvariant",
  "pk": 37,
  "fields": {
    "product": 27,
    "barcode": "2004394410023",
    "barcode_image": "imperia/barcodes/2004394410023.png",
    "sku": "imperia-37",
    "has_custom_name": false,
    "custom_name": null,
    "has_custom_description": false,
    "custom_description": null,
    "price": "689990.00",
    "discount": "10.00",
    "show_this": true,
    "created_at": "2025-07-06T11:07:09.503Z",
    "updated_at": "2025-07-08T09:15:38.477Z"
  }
},
{
  "model": "marketplace.productvariant",
  "pk": 38,
  "fields": {
    "product": 27,
    "barcode": "2002301514895",
    "barcode_image": "imperia/barcodes/2002301514895.png",
    "sku": "imperia-38",
    "has_custom_name": false,
    "custom_name": null,
    "has_custom_description": false,
    "custom_description": null,
    "price": "689990.00",
    "discount": "10.00",
    "show_this": true,
    "created_at": "2025-07-06T11:07:09.540Z",
    "updated_at": "2025-07-08T09:15:38.506Z"
  }
},
{
  "model": "marketplace.productvariant",
  "pk": 39,
  "fields": {
    "product": 28,
    "barcode": "2000634070057",
    "barcode_image": "imperia/barcodes/2000634070057.png",
    "sku": "imperia-39",
    "has_custom_name": false,
    "custom_name": null,
    "has_custom_description": false,
    "custom_description": null,
    "price": "24000.00",
    "discount": "90.00",
    "show_this": true,
    "created_at": "2025-07-07T11:29:46.090Z",
    "updated_at": "2025-07-07T11:29:46.090Z"
  }
},
{
  "model": "marketplace.productstock",
  "pk": 20,
  "fields": {
    "variant": 36,
    "location": 2,
    "quantity": 30,
    "reserved_quantity": 20,
    "is_available_for_sale": true,
    "last_updated": "2025-07-08T09:17:01.545Z"
  }
},
{
  "model": "marketplace.productstock",
  "pk": 21,
  "fields": {
    "variant": 37,
    "location": 2,
    "quantity": 30,
    "reserved_quantity": 0,
    "is_available_for_sale": true,
    "last_updated": "2025-07-08T09:15:38.498Z"
  }
},
{
  "model": "marketplace.productstock",
  "pk": 22,
  "fields": {
    "variant": 38,
    "location": 2,
    "quantity": 30,
    "reserved_quantity": 0,
    "is_available_for_sale": true,
    "last_updated": "2025-07-08T09:15:38.527Z"
  }
},
{
  "model": "marketplace.productstock",
  "pk": 23,
  "fields": {
    "variant": 39,
    "location": 2,
    "quantity": 30,
    "reserved_quantity": 15,
    "is_available_for_sale": true,
    "last_updated": "2025-07-07T11:32:59.686Z"
  }
},
{
  "model": "marketplace.productdefect",
  "pk": 22,
  "fields": {
    "stock": 20,
    "quantity": 2,
    "reason": "Возврат: сломана пуговица",
    "created_at": "2025-07-07T11:23:33.009Z"
  }
},
{
  "model": "marketplace.productdefect",
  "pk": 23,
  "fields": {
    "stock": 20,
    "quantity": 1,
    "reason": "ап",
    "created_at": "2025-07-07T11:23:39.069Z"
  }
},
{
  "model": "marketplace.productdefect",
  "pk": 24,
  "fields": {
    "stock": 20,
    "quantity": 1,
    "reason": "вап",
    "created_at": "2025-07-07T11:23:40.975Z"
  }
},
{
  "model": "marketplace.productdefect",
  "pk": 25,
  "fields": {
    "stock": 20,
    "quantity": 1,
    "reason": "ва",
    "created_at": "2025-07-07T11:23:43.607Z"
  }
},
{
  "model": "marketplace.productdefect",
  "pk": 28,
  "fields": {
    "stock": 20,
    "quantity": 5,
    "reason": "5",
    "created_at": "2025-07-08T09:53:14.309Z"
  }
},
{
  "model": "marketplace.productdefect",
  "pk": 29,
  "fields": {
    "stock": 23,
    "quantity": 1,
    "reason": "хз",
    "created_at": "2025-07-11T13:48:26.058Z"
  }
},
{
  "model": "marketplace.productvariantattribute",
  "pk": 236,
  "fields": {
    "variant": 36,
    "category_attribute": 1,
    "predefined_value": 3,
    "custom_value": ""
  }
},
{
  "model": "marketplace.productvariantattribute",
  "pk": 237,
  "fields": {
    "variant": 36,
    "category_attribute": 2,
    "predefined_value": null,
    "custom_value": "23 см"
  }
},
{
  "model": "marketplace.productvariantattribute",
  "pk": 238,
  "fields": {
    "variant": 36,
    "category_attribute": 3,
    "predefined_value": 10,
    "custom_value": ""
  }
},
{
  "model": "marketplace.productvariantattribute",
  "pk": 239,
  "fields": {
    "variant": 36,
    "category_attribute": 4,
    "predefined_value": null,
    "custom_value": "Норка"
  }
},
{
  "model": "marketplace.productvariantattribute",
  "pk": 240,
  "fields": {
    "variant": 36,
    "category_attribute": 5,
    "predefined_value": null,
    "custom_value": "Китай"
  }
},
{
  "model": "marketplace.productvariantattribute",
  "pk": 241,
  "fields": {
    "variant": 36,
    "category_attribute": 6,
    "predefined_value": 12,
    "custom_value": ""
  }
},
{
  "model": "marketplace.productvariantattribute",
  "pk": 242,
  "fields": {
    "variant": 37,
    "category_attribute": 1,
    "predefined_value": 7,
    "custom_value": ""
  }
},
{
  "model": "marketplace.productvariantattribute",
  "pk": 243,
  "fields": {
    "variant": 37,
    "category_attribute": 2,
    "predefined_value": null,
    "custom_value": "23 см"
  }
},
{
  "model": "marketplace.productvariantattribute",
  "pk": 244,
  "fields": {
    "variant": 37,
    "category_attribute": 3,
    "predefined_value": 10,
    "custom_value": ""
  }
},
{
  "model": "marketplace.productvariantattribute",
  "pk": 245,
  "fields": {
    "variant": 37,
    "category_attribute": 4,
    "predefined_value": null,
    "custom_value": "Норка"
  }
},
{
  "model": "marketplace.productvariantattribute",
  "pk": 246,
  "fields": {
    "variant": 37,
    "category_attribute": 5,
    "predefined_value": null,
    "custom_value": "Китай"
  }
},
{
  "model": "marketplace.productvariantattribute",
  "pk": 247,
  "fields": {
    "variant": 37,
    "category_attribute": 6,
    "predefined_value": 12,
    "custom_value": ""
  }
},
{
  "model": "marketplace.productvariantattribute",
  "pk": 248,
  "fields": {
    "variant": 38,
    "category_attribute": 1,
    "predefined_value": 2,
    "custom_value": ""
  }
},
{
  "model": "marketplace.productvariantattribute",
  "pk": 249,
  "fields": {
    "variant": 38,
    "category_attribute": 2,
    "predefined_value": null,
    "custom_value": "23 см"
  }
},
{
  "model": "marketplace.productvariantattribute",
  "pk": 250,
  "fields": {
    "variant": 38,
    "category_attribute": 3,
    "predefined_value": 10,
    "custom_value": ""
  }
},
{
  "model": "marketplace.productvariantattribute",
  "pk": 251,
  "fields": {
    "variant": 38,
    "category_attribute": 4,
    "predefined_value": null,
    "custom_value": "Норка"
  }
},
{
  "model": "marketplace.productvariantattribute",
  "pk": 252,
  "fields": {
    "variant": 38,
    "category_attribute": 5,
    "predefined_value": null,
    "custom_value": "Китай"
  }
},
{
  "model": "marketplace.productvariantattribute",
  "pk": 253,
  "fields": {
    "variant": 38,
    "category_attribute": 6,
    "predefined_value": 12,
    "custom_value": ""
  }
},
{
  "model": "marketplace.productvariantattribute",
  "pk": 254,
  "fields": {
    "variant": 39,
    "category_attribute": 1,
    "predefined_value": 3,
    "custom_value": ""
  }
},
{
  "model": "marketplace.productvariantattribute",
  "pk": 255,
  "fields": {
    "variant": 39,
    "category_attribute": 2,
    "predefined_value": null,
    "custom_value": "23"
  }
},
{
  "model": "marketplace.productvariantattribute",
  "pk": 256,
  "fields": {
    "variant": 39,
    "category_attribute": 3,
    "predefined_value": 8,
    "custom_value": ""
  }
},
{
  "model": "marketplace.productvariantattribute",
  "pk": 257,
  "fields": {
    "variant": 39,
    "category_attribute": 4,
    "predefined_value": null,
    "custom_value": "Соболь"
  }
},
{
  "model": "marketplace.productvariantattribute",
  "pk": 258,
  "fields": {
    "variant": 39,
    "category_attribute": 5,
    "predefined_value": null,
    "custom_value": "Турция"
  }
},
{
  "model": "marketplace.productvariantattribute",
  "pk": 259,
  "fields": {
    "variant": 39,
    "category_attribute": 6,
    "predefined_value": 12,
    "custom_value": ""
  }
},
{
  "model": "marketplace.productimage",
  "pk": 63,
  "fields": {
    "product": 27,
    "image": "imperia/products/1a617f0ce2c22c2f359005f95ff1c6d199d2f4cc_sl_716766003_5_K8HV3PW.webp",
    "is_main": false,
    "alt_text": "",
    "display_order": 1,
    "created_at": "2025-07-06T11:07:09.572Z"
  }
},
{
  "model": "marketplace.productimage",
  "pk": 64,
  "fields": {
    "product": 27,
    "image": "imperia/products/6d34aec89b9508dcd3693d3b3f5a32b634197ff5_sl_716766003_6_KzEJ77O.webp",
    "is_main": false,
    "alt_text": "",
    "display_order": 5,
    "created_at": "2025-07-06T11:07:09.575Z"
  }
},
{
  "model": "marketplace.productimage",
  "pk": 65,
  "fields": {
    "product": 27,
    "image": "imperia/products/9c2d83d54bf8b2280d4bb0ac8b8550a228181653_sl_716766003_4_Rh6UrPX.webp",
    "is_main": false,
    "alt_text": "",
    "display_order": 4,
    "created_at": "2025-07-06T11:07:09.577Z"
  }
},
{
  "model": "marketplace.productimage",
  "pk": 66,
  "fields": {
    "product": 27,
    "image": "imperia/products/9db1eeae49b11f8fd23bb47a9fc0ab19b298772e_sl_716766003_7_QZ3rfc0.webp",
    "is_main": false,
    "alt_text": "",
    "display_order": 6,
    "created_at": "2025-07-06T11:07:09.579Z"
  }
},
{
  "model": "marketplace.productimage",
  "pk": 67,
  "fields": {
    "product": 27,
    "image": "imperia/products/11ec7bf340780daca735a4da23661a70469c94c3_sl_716766003_3_C4t24cn.webp",
    "is_main": false,
    "alt_text": "",
    "display_order": 3,
    "created_at": "2025-07-06T11:07:09.581Z"
  }
},
{
  "model": "marketplace.productimage",
  "pk": 68,
  "fields": {
    "product": 27,
    "image": "imperia/products/118a9a3945209ac294a0f65fd0e282a40e0c39fe_sl_716766003_2_2RcWF48.webp",
    "is_main": false,
    "alt_text": "",
    "display_order": 2,
    "created_at": "2025-07-06T11:07:09.582Z"
  }
},
{
  "model": "marketplace.productimage",
  "pk": 69,
  "fields": {
    "product": 27,
    "image": "imperia/products/b5944160017af2b61638b41445f0d345d7bb2288_sl_716766003_1_1_WEG6I3t.webp",
    "is_main": true,
    "alt_text": "",
    "display_order": 0,
    "created_at": "2025-07-06T11:07:09.584Z"
  }
},
{
  "model": "marketplace.productimage",
  "pk": 70,
  "fields": {
    "product": 28,
    "image": "imperia/products/11ec7bf340780daca735a4da23661a70469c94c3_sl_716766003_3_jSOAI1A.webp",
    "is_main": true,
    "alt_text": "",
    "display_order": 0,
    "created_at": "2025-07-07T11:29:46.121Z"
  }
},
{
  "model": "marketplace.productimage",
  "pk": 71,
  "fields": {
    "product": 28,
    "image": "imperia/products/118a9a3945209ac294a0f65fd0e282a40e0c39fe_sl_716766003_2_AmD74Gl.webp",
    "is_main": false,
    "alt_text": "",
    "display_order": 1,
    "created_at": "2025-07-07T11:29:46.122Z"
  }
},
{
  "model": "marketplace.productimage",
  "pk": 72,
  "fields": {
    "product": 28,
    "image": "imperia/products/b5944160017af2b61638b41445f0d345d7bb2288_sl_716766003_1_1_jRHOTwN.webp",
    "is_main": false,
    "alt_text": "",
    "display_order": 2,
    "created_at": "2025-07-07T11:29:46.124Z"
  }
}
]
